{
    "1": {
        "mae": 22.360130151991026,
        "accuracy": 0.0
    },
    "2": {
        "mae": 12.298406938162957,
        "accuracy": 0.5966850828729282
    },
    "3": {
        "mae": 12.20692566086574,
        "accuracy": 0.56353591160221
    },
    "4": {
        "mae": 12.203251369750301,
        "accuracy": 0.4972375690607735
    },
    "5": {
        "mae": 12.205609980209097,
        "accuracy": 0.5027624309392266
    },
    "6": {
        "mae": 12.30588684292788,
        "accuracy": 0.5966850828729282
    },
    "7": {
        "mae": 12.215553178313028,
        "accuracy": 0.574585635359116
    },
    "8": {
        "mae": 12.24687652166377,
        "accuracy": 0.5911602209944752
    },
    "9": {
        "mae": 12.20933152298901,
        "accuracy": 0.574585635359116
    },
    "10": {
        "mae": 12.22907271833051,
        "accuracy": 0.580110497237569
    }
}