{
    "1": {
        "mae": 22.18465449401687,
        "accuracy": 0.0
    },
    "2": {
        "mae": 20.18509180901459,
        "accuracy": 0.0
    }
}