{
    "0": {
        "loss": 2.4528992701643193,
        "cen_accuracy": 0.0973
    },
    "1": {
        "loss": 1.788477097837308,
        "cen_accuracy": 0.3241
    },
    "2": {
        "loss": 1.371044646627225,
        "cen_accuracy": 0.5042
    },
    "3": {
        "loss": 1.2263813753859303,
        "cen_accuracy": 0.5621
    },
    "4": {
        "loss": 1.1474511947113866,
        "cen_accuracy": 0.5998
    },
    "5": {
        "loss": 1.0995934264728437,
        "cen_accuracy": 0.6155
    },
    "6": {
        "loss": 1.0484294466698132,
        "cen_accuracy": 0.6386
    },
    "7": {
        "loss": 1.0210819653809642,
        "cen_accuracy": 0.6495
    },
    "8": {
        "loss": 0.9978109231581703,
        "cen_accuracy": 0.6582
    },
    "9": {
        "loss": 0.9848991870499266,
        "cen_accuracy": 0.6661
    },
    "10": {
        "loss": 0.9644555220017418,
        "cen_accuracy": 0.669
    },
    "11": {
        "loss": 0.9368975862336997,
        "cen_accuracy": 0.683
    },
    "12": {
        "loss": 0.9588310290068484,
        "cen_accuracy": 0.6794
    },
    "13": {
        "loss": 0.9203389481233712,
        "cen_accuracy": 0.6945
    },
    "14": {
        "loss": 0.9401061546307402,
        "cen_accuracy": 0.6932
    },
    "15": {
        "loss": 0.9037757469251895,
        "cen_accuracy": 0.701
    },
    "16": {
        "loss": 0.9070374772381097,
        "cen_accuracy": 0.6964
    },
    "17": {
        "loss": 0.8979789290946132,
        "cen_accuracy": 0.7108
    },
    "18": {
        "loss": 0.8863751233195345,
        "cen_accuracy": 0.7098
    },
    "19": {
        "loss": 0.8847728921011233,
        "cen_accuracy": 0.7102
    },
    "20": {
        "loss": 0.8816822210249429,
        "cen_accuracy": 0.7136
    }
}