{
    "0": {
        "loss": 2.443574076643386,
        "cen_accuracy": 0.0984
    },
    "1": {
        "loss": 2.378420797018959,
        "cen_accuracy": 0.1802
    },
    "2": {
        "loss": 1.855027147756217,
        "cen_accuracy": 0.347
    },
    "3": {
        "loss": 1.5968966377428926,
        "cen_accuracy": 0.4446
    },
    "4": {
        "loss": 1.4324457258843004,
        "cen_accuracy": 0.4929
    },
    "5": {
        "loss": 1.3524105954474914,
        "cen_accuracy": 0.5192
    },
    "6": {
        "loss": 1.3803417158964724,
        "cen_accuracy": 0.508
    },
    "7": {
        "loss": 1.4321914054334355,
        "cen_accuracy": 0.4971
    },
    "8": {
        "loss": 1.4620185343983074,
        "cen_accuracy": 0.4913
    },
    "9": {
        "loss": 1.4618471476216666,
        "cen_accuracy": 0.4971
    },
    "10": {
        "loss": 1.399826265752506,
        "cen_accuracy": 0.5221
    },
    "11": {
        "loss": 1.3026757310754575,
        "cen_accuracy": 0.554
    },
    "12": {
        "loss": 1.2089259397869292,
        "cen_accuracy": 0.5863
    },
    "13": {
        "loss": 1.1391382990553738,
        "cen_accuracy": 0.6118
    },
    "14": {
        "loss": 1.1358026808824022,
        "cen_accuracy": 0.6185
    },
    "15": {
        "loss": 1.1720170759545347,
        "cen_accuracy": 0.6403
    },
    "16": {
        "loss": 1.2327061392628729,
        "cen_accuracy": 0.6442
    },
    "17": {
        "loss": 1.2904825987526403,
        "cen_accuracy": 0.6485
    },
    "18": {
        "loss": 1.3024544834900207,
        "cen_accuracy": 0.6595
    },
    "19": {
        "loss": 1.2942686262793435,
        "cen_accuracy": 0.657
    },
    "20": {
        "loss": 1.2932257721789728,
        "cen_accuracy": 0.6612
    }
}