{
    "0": {
        "loss": 2.469524276904024,
        "cen_accuracy": 0.0903
    },
    "1": {
        "loss": 2.4055770784140393,
        "cen_accuracy": 0.1049
    },
    "2": {
        "loss": 2.407332993924808,
        "cen_accuracy": 0.0988
    },
    "3": {
        "loss": 2.393855821591216,
        "cen_accuracy": 0.102
    },
    "4": {
        "loss": 2.3867335091002833,
        "cen_accuracy": 0.1033
    },
    "5": {
        "loss": 2.3814361087811258,
        "cen_accuracy": 0.1011
    },
    "6": {
        "loss": 2.3753130786335124,
        "cen_accuracy": 0.0993
    },
    "7": {
        "loss": 2.3703884979406484,
        "cen_accuracy": 0.104
    },
    "8": {
        "loss": 2.3677318873116002,
        "cen_accuracy": 0.1009
    },
    "9": {
        "loss": 2.3613868963223297,
        "cen_accuracy": 0.1038
    },
    "10": {
        "loss": 2.358651921391106,
        "cen_accuracy": 0.1008
    },
    "11": {
        "loss": 2.3539542862401603,
        "cen_accuracy": 0.0992
    },
    "12": {
        "loss": 2.3527469909229217,
        "cen_accuracy": 0.098
    },
    "13": {
        "loss": 2.346828185712187,
        "cen_accuracy": 0.0984
    },
    "14": {
        "loss": 2.3446461148917104,
        "cen_accuracy": 0.0968
    },
    "15": {
        "loss": 2.3422820347185715,
        "cen_accuracy": 0.1008
    },
    "16": {
        "loss": 2.337992441159087,
        "cen_accuracy": 0.104
    },
    "17": {
        "loss": 2.3384950480902917,
        "cen_accuracy": 0.0983
    },
    "18": {
        "loss": 2.3344024560702876,
        "cen_accuracy": 0.1024
    },
    "19": {
        "loss": 2.3328241783970842,
        "cen_accuracy": 0.0969
    },
    "20": {
        "loss": 2.3285332784865993,
        "cen_accuracy": 0.097
    }
}