{
    "0": {
        "loss": 2.4525067204484543,
        "cen_accuracy": 0.0951
    },
    "1": {
        "loss": 2.4103519002469582,
        "cen_accuracy": 0.1029
    },
    "2": {
        "loss": 2.3981286260647514,
        "cen_accuracy": 0.1022
    },
    "3": {
        "loss": 2.3902668952941895,
        "cen_accuracy": 0.1016
    },
    "4": {
        "loss": 2.3868789901367773,
        "cen_accuracy": 0.1014
    },
    "5": {
        "loss": 2.38230197650556,
        "cen_accuracy": 0.0983
    },
    "6": {
        "loss": 2.368346705604285,
        "cen_accuracy": 0.1052
    },
    "7": {
        "loss": 2.3761454931082437,
        "cen_accuracy": 0.1004
    },
    "8": {
        "loss": 2.361894545082848,
        "cen_accuracy": 0.1036
    },
    "9": {
        "loss": 2.3536553938929647,
        "cen_accuracy": 0.1023
    },
    "10": {
        "loss": 2.355471780886665,
        "cen_accuracy": 0.1002
    },
    "11": {
        "loss": 2.349884335606243,
        "cen_accuracy": 0.1082
    },
    "12": {
        "loss": 2.348782939271043,
        "cen_accuracy": 0.1021
    },
    "13": {
        "loss": 2.3460200449910027,
        "cen_accuracy": 0.1031
    },
    "14": {
        "loss": 2.344663006048233,
        "cen_accuracy": 0.0989
    },
    "15": {
        "loss": 2.341044016158619,
        "cen_accuracy": 0.0996
    },
    "16": {
        "loss": 2.3323798689979336,
        "cen_accuracy": 0.1011
    },
    "17": {
        "loss": 2.3302500042290735,
        "cen_accuracy": 0.1059
    },
    "18": {
        "loss": 2.329614084749557,
        "cen_accuracy": 0.0996
    },
    "19": {
        "loss": 2.3295507552905583,
        "cen_accuracy": 0.1012
    },
    "20": {
        "loss": 2.3237698969368736,
        "cen_accuracy": 0.0998
    }
}