{
    "0": {
        "loss": 2.450062853078873,
        "cen_accuracy": 0.1041
    },
    "1": {
        "loss": 1.8336379029118597,
        "cen_accuracy": 0.3065
    },
    "2": {
        "loss": 1.376566729606531,
        "cen_accuracy": 0.4951
    },
    "3": {
        "loss": 1.2290486998070542,
        "cen_accuracy": 0.5598
    },
    "4": {
        "loss": 1.1653335987569424,
        "cen_accuracy": 0.5872
    },
    "5": {
        "loss": 1.116132456844988,
        "cen_accuracy": 0.6065
    },
    "6": {
        "loss": 1.06774964366858,
        "cen_accuracy": 0.6342
    },
    "7": {
        "loss": 1.0482925707920672,
        "cen_accuracy": 0.642
    },
    "8": {
        "loss": 1.016942839081676,
        "cen_accuracy": 0.6553
    },
    "9": {
        "loss": 1.0061983829870011,
        "cen_accuracy": 0.6625
    },
    "10": {
        "loss": 0.9795797210151014,
        "cen_accuracy": 0.6683
    },
    "11": {
        "loss": 0.966410499316054,
        "cen_accuracy": 0.6783
    },
    "12": {
        "loss": 0.9535104334354401,
        "cen_accuracy": 0.6781
    },
    "13": {
        "loss": 0.931757756125051,
        "cen_accuracy": 0.6871
    },
    "14": {
        "loss": 0.9385696416274427,
        "cen_accuracy": 0.6907
    },
    "15": {
        "loss": 0.9432317264163836,
        "cen_accuracy": 0.6909
    },
    "16": {
        "loss": 0.9385533722254414,
        "cen_accuracy": 0.6919
    },
    "17": {
        "loss": 0.8983406062705067,
        "cen_accuracy": 0.6989
    },
    "18": {
        "loss": 0.903664298807851,
        "cen_accuracy": 0.6999
    },
    "19": {
        "loss": 0.9091606063012498,
        "cen_accuracy": 0.703
    },
    "20": {
        "loss": 0.9073018104123612,
        "cen_accuracy": 0.7019
    }
}