{
    "0": {
        "loss": 2.446344315434416,
        "cen_accuracy": 0.0953
    },
    "1": {
        "loss": 1.8475050861462237,
        "cen_accuracy": 0.3087
    },
    "2": {
        "loss": 1.3664391813948513,
        "cen_accuracy": 0.5001
    },
    "3": {
        "loss": 1.2295228644681815,
        "cen_accuracy": 0.5604
    },
    "4": {
        "loss": 1.160905281766154,
        "cen_accuracy": 0.5911
    },
    "5": {
        "loss": 1.0854801339463305,
        "cen_accuracy": 0.6174
    },
    "6": {
        "loss": 1.061163604259491,
        "cen_accuracy": 0.6279
    },
    "7": {
        "loss": 1.0345796195272439,
        "cen_accuracy": 0.6438
    },
    "8": {
        "loss": 1.0061185073357422,
        "cen_accuracy": 0.6537
    },
    "9": {
        "loss": 0.9899017267143384,
        "cen_accuracy": 0.6632
    },
    "10": {
        "loss": 0.955195459599693,
        "cen_accuracy": 0.6752
    },
    "11": {
        "loss": 0.9533125707707085,
        "cen_accuracy": 0.6832
    },
    "12": {
        "loss": 0.9450788387475303,
        "cen_accuracy": 0.6906
    },
    "13": {
        "loss": 0.9363284762294147,
        "cen_accuracy": 0.6935
    },
    "14": {
        "loss": 0.9235256334272818,
        "cen_accuracy": 0.6962
    },
    "15": {
        "loss": 0.9061241827833767,
        "cen_accuracy": 0.6994
    },
    "16": {
        "loss": 0.8942628817055553,
        "cen_accuracy": 0.7022
    },
    "17": {
        "loss": 0.8885481121441046,
        "cen_accuracy": 0.7034
    },
    "18": {
        "loss": 0.8971402654632593,
        "cen_accuracy": 0.7086
    },
    "19": {
        "loss": 0.8797382025863416,
        "cen_accuracy": 0.7102
    },
    "20": {
        "loss": 0.8872585097631327,
        "cen_accuracy": 0.7107
    }
}