{
    "0": {
        "loss": 2.452952221940501,
        "cen_accuracy": 0.0991
    },
    "1": {
        "loss": 2.023842088330668,
        "cen_accuracy": 0.2494
    },
    "2": {
        "loss": 2.5691496331851704,
        "cen_accuracy": 0.1724
    },
    "3": {
        "loss": 1.4887780609983987,
        "cen_accuracy": 0.4354
    },
    "4": {
        "loss": 1.358738772975751,
        "cen_accuracy": 0.4951
    },
    "5": {
        "loss": 1.2622262997368274,
        "cen_accuracy": 0.5384
    },
    "6": {
        "loss": 1.2084952410036764,
        "cen_accuracy": 0.5661
    },
    "7": {
        "loss": 1.317858140118206,
        "cen_accuracy": 0.5292
    },
    "8": {
        "loss": 1.16084374177951,
        "cen_accuracy": 0.5897
    },
    "9": {
        "loss": 2.01227068901062,
        "cen_accuracy": 0.3741
    },
    "10": {
        "loss": 1.1689869340616292,
        "cen_accuracy": 0.5866
    },
    "11": {
        "loss": 1.1219291902197817,
        "cen_accuracy": 0.6074
    },
    "12": {
        "loss": 1.1111295126116694,
        "cen_accuracy": 0.6149
    },
    "13": {
        "loss": 1.0879634162678886,
        "cen_accuracy": 0.6228
    },
    "14": {
        "loss": 1.1068771807149576,
        "cen_accuracy": 0.6213
    },
    "15": {
        "loss": 2.745042213997521,
        "cen_accuracy": 0.2409
    },
    "16": {
        "loss": 2.5665353799399475,
        "cen_accuracy": 0.2488
    },
    "17": {
        "loss": 1.23305993129651,
        "cen_accuracy": 0.5661
    },
    "18": {
        "loss": 1.1199604171914415,
        "cen_accuracy": 0.6036
    },
    "19": {
        "loss": 1.4453828056780293,
        "cen_accuracy": 0.5073
    },
    "20": {
        "loss": 1.0829106715921395,
        "cen_accuracy": 0.6213
    }
}