{
    "0": {
        "loss": 2.4189762992980763,
        "cen_accuracy": 0.1058
    },
    "1": {
        "loss": 2.593840902986618,
        "cen_accuracy": 0.1469
    },
    "2": {
        "loss": 2.367060393571092,
        "cen_accuracy": 0.2285
    },
    "3": {
        "loss": 2.072180550319318,
        "cen_accuracy": 0.307
    },
    "4": {
        "loss": 1.8656224953099942,
        "cen_accuracy": 0.3606
    },
    "5": {
        "loss": 1.7169041260362814,
        "cen_accuracy": 0.3951
    },
    "6": {
        "loss": 1.608001472850958,
        "cen_accuracy": 0.4221
    },
    "7": {
        "loss": 1.543364910652843,
        "cen_accuracy": 0.4535
    },
    "8": {
        "loss": 1.4833872649616326,
        "cen_accuracy": 0.4784
    },
    "9": {
        "loss": 1.4081687195994221,
        "cen_accuracy": 0.5027
    },
    "10": {
        "loss": 1.3530568132004417,
        "cen_accuracy": 0.522
    },
    "11": {
        "loss": 1.3120139161237894,
        "cen_accuracy": 0.5381
    },
    "12": {
        "loss": 1.297750697349207,
        "cen_accuracy": 0.5492
    },
    "13": {
        "loss": 1.3040136536851097,
        "cen_accuracy": 0.5565
    },
    "14": {
        "loss": 1.3094674011769767,
        "cen_accuracy": 0.5705
    },
    "15": {
        "loss": 1.360153315356745,
        "cen_accuracy": 0.5759
    },
    "16": {
        "loss": 1.3737179463663802,
        "cen_accuracy": 0.5787
    },
    "17": {
        "loss": 1.3369890409536636,
        "cen_accuracy": 0.5899
    },
    "18": {
        "loss": 1.344754808055707,
        "cen_accuracy": 0.59
    },
    "19": {
        "loss": 1.2933897389390598,
        "cen_accuracy": 0.6005
    },
    "20": {
        "loss": 1.2274070119324583,
        "cen_accuracy": 0.6111
    }
}