{
    "0": {
        "loss": 2.4551756823786532,
        "cen_accuracy": 0.1037
    },
    "1": {
        "loss": 2.138586792321251,
        "cen_accuracy": 0.21
    },
    "2": {
        "loss": 2.035642666176866,
        "cen_accuracy": 0.2838
    },
    "3": {
        "loss": 1.5176134798854304,
        "cen_accuracy": 0.4279
    },
    "4": {
        "loss": 1.3498175993514137,
        "cen_accuracy": 0.494
    },
    "5": {
        "loss": 1.2650693948276508,
        "cen_accuracy": 0.5347
    },
    "6": {
        "loss": 1.2389474684438004,
        "cen_accuracy": 0.5591
    },
    "7": {
        "loss": 1.1921490122335026,
        "cen_accuracy": 0.5797
    },
    "8": {
        "loss": 1.1504569982949155,
        "cen_accuracy": 0.5858
    },
    "9": {
        "loss": 1.1318619851106273,
        "cen_accuracy": 0.6002
    },
    "10": {
        "loss": 1.1161383782712797,
        "cen_accuracy": 0.6089
    },
    "11": {
        "loss": 1.0880955107295855,
        "cen_accuracy": 0.6195
    },
    "12": {
        "loss": 1.0951898893990075,
        "cen_accuracy": 0.62
    },
    "13": {
        "loss": 1.0501529439188801,
        "cen_accuracy": 0.6402
    },
    "14": {
        "loss": 3.0429142713546753,
        "cen_accuracy": 0.227
    },
    "15": {
        "loss": 1.3222535730550846,
        "cen_accuracy": 0.5295
    },
    "16": {
        "loss": 3.1523215214665323,
        "cen_accuracy": 0.1995
    },
    "17": {
        "loss": 1.3559525565217478,
        "cen_accuracy": 0.5141
    },
    "18": {
        "loss": 1.2290514271480206,
        "cen_accuracy": 0.5657
    },
    "19": {
        "loss": 1.1627705942708464,
        "cen_accuracy": 0.5903
    },
    "20": {
        "loss": 1.1931223795055963,
        "cen_accuracy": 0.5924
    }
}