{
    "0": {
        "loss": 2.4510882708211295,
        "cen_accuracy": 0.1073
    },
    "1": {
        "loss": 1.809352902558665,
        "cen_accuracy": 0.3227
    },
    "2": {
        "loss": 1.3497865350482563,
        "cen_accuracy": 0.5082
    },
    "3": {
        "loss": 1.231094023671013,
        "cen_accuracy": 0.5598
    },
    "4": {
        "loss": 1.1460796491787457,
        "cen_accuracy": 0.5971
    },
    "5": {
        "loss": 1.1008559292116866,
        "cen_accuracy": 0.6175
    },
    "6": {
        "loss": 1.0757446426172226,
        "cen_accuracy": 0.6239
    },
    "7": {
        "loss": 1.0228658545131502,
        "cen_accuracy": 0.651
    },
    "8": {
        "loss": 1.025339075361197,
        "cen_accuracy": 0.6562
    },
    "9": {
        "loss": 0.9866221658528422,
        "cen_accuracy": 0.6627
    },
    "10": {
        "loss": 0.9668815690107619,
        "cen_accuracy": 0.6731
    },
    "11": {
        "loss": 0.9700638981292042,
        "cen_accuracy": 0.6723
    },
    "12": {
        "loss": 0.9460462927818298,
        "cen_accuracy": 0.6841
    },
    "13": {
        "loss": 0.923382830695984,
        "cen_accuracy": 0.6931
    },
    "14": {
        "loss": 0.9231487166957734,
        "cen_accuracy": 0.6958
    },
    "15": {
        "loss": 0.9324902227511421,
        "cen_accuracy": 0.6885
    },
    "16": {
        "loss": 0.9217549964261893,
        "cen_accuracy": 0.6975
    },
    "17": {
        "loss": 0.9037165214268925,
        "cen_accuracy": 0.7029
    },
    "18": {
        "loss": 0.9036616285959371,
        "cen_accuracy": 0.7034
    },
    "19": {
        "loss": 0.9050706954428944,
        "cen_accuracy": 0.7044
    },
    "20": {
        "loss": 0.8915264937824334,
        "cen_accuracy": 0.7098
    }
}