{
    "0": {
        "loss": 2.4315042343383397,
        "cen_accuracy": 0.0947
    },
    "1": {
        "loss": 2.469425215888709,
        "cen_accuracy": 0.1014
    },
    "2": {
        "loss": 2.4876816988753054,
        "cen_accuracy": 0.1028
    },
    "3": {
        "loss": 2.5034782376152256,
        "cen_accuracy": 0.1093
    },
    "4": {
        "loss": 2.5426426908840387,
        "cen_accuracy": 0.099
    },
    "5": {
        "loss": 2.574235828539815,
        "cen_accuracy": 0.0981
    },
    "6": {
        "loss": 2.5983388736225166,
        "cen_accuracy": 0.1013
    },
    "7": {
        "loss": 2.614187699918168,
        "cen_accuracy": 0.1095
    },
    "8": {
        "loss": 2.645594516120399,
        "cen_accuracy": 0.1035
    },
    "9": {
        "loss": 2.6653645899349128,
        "cen_accuracy": 0.1024
    },
    "10": {
        "loss": 2.702291780386489,
        "cen_accuracy": 0.1032
    },
    "11": {
        "loss": 2.7124529570436327,
        "cen_accuracy": 0.1064
    },
    "12": {
        "loss": 2.7348689012253247,
        "cen_accuracy": 0.1062
    },
    "13": {
        "loss": 2.7721970766877977,
        "cen_accuracy": 0.1066
    },
    "14": {
        "loss": 2.7760748383336176,
        "cen_accuracy": 0.1085
    },
    "15": {
        "loss": 2.8191620572306477,
        "cen_accuracy": 0.1001
    },
    "16": {
        "loss": 2.8293560130146744,
        "cen_accuracy": 0.1071
    },
    "17": {
        "loss": 2.8534983606003346,
        "cen_accuracy": 0.1025
    },
    "18": {
        "loss": 2.873428749961975,
        "cen_accuracy": 0.1035
    },
    "19": {
        "loss": 2.877244767289573,
        "cen_accuracy": 0.0989
    },
    "20": {
        "loss": 2.893070684835172,
        "cen_accuracy": 0.1025
    }
}