{
    "0": {
        "loss": 2.443176569649206,
        "cen_accuracy": 0.095
    },
    "1": {
        "loss": 2.333779165919977,
        "cen_accuracy": 0.1452
    },
    "2": {
        "loss": 2.123389980663507,
        "cen_accuracy": 0.2259
    },
    "3": {
        "loss": 2.066812702642081,
        "cen_accuracy": 0.2535
    },
    "4": {
        "loss": 2.01992022534148,
        "cen_accuracy": 0.2836
    },
    "5": {
        "loss": 1.9770166070316546,
        "cen_accuracy": 0.312
    },
    "6": {
        "loss": 1.9350277261612134,
        "cen_accuracy": 0.3225
    },
    "7": {
        "loss": 1.8965230803139292,
        "cen_accuracy": 0.3311
    },
    "8": {
        "loss": 1.8620265204304705,
        "cen_accuracy": 0.3329
    },
    "9": {
        "loss": 1.839558244894107,
        "cen_accuracy": 0.3371
    },
    "10": {
        "loss": 1.8233456691613974,
        "cen_accuracy": 0.3408
    },
    "11": {
        "loss": 1.8280483339541256,
        "cen_accuracy": 0.3478
    },
    "12": {
        "loss": 1.8269538353807249,
        "cen_accuracy": 0.3567
    },
    "13": {
        "loss": 1.854578142729811,
        "cen_accuracy": 0.3576
    },
    "14": {
        "loss": 1.9017145728912597,
        "cen_accuracy": 0.3657
    },
    "15": {
        "loss": 1.9719665313300234,
        "cen_accuracy": 0.3697
    },
    "16": {
        "loss": 2.038627913203864,
        "cen_accuracy": 0.3725
    },
    "17": {
        "loss": 2.137310168613641,
        "cen_accuracy": 0.3718
    },
    "18": {
        "loss": 2.205358422221467,
        "cen_accuracy": 0.3737
    },
    "19": {
        "loss": 2.2612788772430665,
        "cen_accuracy": 0.3739
    },
    "20": {
        "loss": 2.2910332180821475,
        "cen_accuracy": 0.3909
    }
}